Model,Duration,Accuracy,Precision,Recall,F1,AUC,Best Parameters
Logistic Regression,0.7020461559295654,0.8213725490196079,0.8224455611390284,0.8013055895552835,0.8117379623889233,0.8206225947021415,"{'solver': 'liblinear', 'penalty': 'l2', 'C': 0.6280291441834259}"
Random Forest,8.48711347579956,0.8166666666666667,0.8127062706270627,0.8037535699714402,0.8082051282051281,0.8161840707539345,"{'n_estimators': 200, 'min_samples_split': 2, 'min_samples_leaf': 4, 'max_features': 'sqrt', 'max_depth': 100, 'bootstrap': True}"
AdaBoost,6.462827682495117,0.826078431372549,0.8238095238095238,0.8117095063239494,0.8177147554459514,0.8255414273786603,"{'n_estimators': 500, 'learning_rate': 0.1, 'estimator': DecisionTreeClassifier(max_depth=2)}"
KNN,2.69635272026062,0.8091176470588235,0.808133472367049,0.7904936760505916,0.7992162524492111,0.8084216209622531,"{'weights': 'uniform', 'p': 2, 'n_neighbors': 11, 'algorithm': 'auto'}"
XGBClassifier,3.6020679473876953,0.8270588235294117,0.8247102649006622,0.8129334965320277,0.8187795356482432,0.8265309234264518,"{'subsample': 1.0, 'reg_lambda': 0, 'reg_alpha': 0, 'n_estimators': 1000, 'max_depth': None, 'learning_rate': 0.01, 'gamma': 1, 'colsample_bytree': 0.75}"
Voting Classifier-Hard,6.6797215938568115,0.826764705882353,0.8240645027909862,0.8131374949000408,0.8185645343464422,0.826255421666706,
Voting Classifier-Soft,6.676888704299927,0.826764705882353,0.8241985522233712,0.8129334965320277,0.8185272671253979,0.8262477977186374,
Stacking Classifier,32.92703461647034,0.8276470588235294,0.8257355988396188,0.8129334965320277,0.8192845394736843,0.8270971748420802,
